row_id,claim,source,source_link,status,date_opened,date_last_changed,notes
001,"Coinage Act, April 2 1792 (1 Stat. 246): dollar = 371.25 grains pure silver (416 standard); gold eagle 247.5 grains pure; 15:1 ratio; US Mint established","Statute text via US Mint historical documents (usmint.gov, Coinage Act of April 2, 1792, Sec. 9); 1 Stat. 246",,SOURCED,2026-08-09,2026-08-11,SOURCED
002,"First Bank of the US: chartered Feb 25 1791 (20-year term), opened Philadelphia Dec 12 1791; renewal failed, charter expired 1811. Second Bank: act signed by Madison Apr 10 1816 (20-year term), opened Jan 7 1817; Jackson vetoed recharter Jul 10 1832, federal deposits removed 1833, federal charter expired 1836 (continued as Pennsylvania corporation; operations ceased 1841)","Federal Reserve History ""The First Bank of the United States""; Library of Congress banking-history research guides; St. Louis Fed",,SOURCED,2026-08-09,2026-08-11,SOURCED
003,"Legal Tender Act, Feb 25 1862: authorized $150M non-interest-bearing US notes (""greenbacks""), not convertible to gold/silver, usable for taxes/bond purchases — first paper money issued directly by US government","Federal Reserve History, ""National Banking Acts of 1863 and 1864"" (federalreservehistory.org); US Capitol Visitor Center HR 240 record",,SOURCED,2026-08-09,2026-08-11,SOURCED
004,"National Currency Act Feb 25 1863 / National Bank Act June 3 1864: national charters, OCC established, 2% tax on state bank notes; tax raised to 10% by 1865 measure — state banknote circulation fell $143M (1865) → $4M (1867). CORRECTED: 10% tax enacted 1865, not 1866 as first filed",Federal Reserve History essay (same); Cleveland Fed working paper 07-23,,SOURCED,2026-08-09,2026-08-11,SOURCED
005,"Gold Standard Act, Mar 14 1900 (Pub. L. 56-41, 31 Stat. 45): ""the dollar consisting of twenty-five and eight-tenths grains of gold nine-tenths fine... shall be the standard unit of value, and all forms of money issued or coined by the United States shall be maintained at a parity of value with this standard, and it shall be the duty of the Secretary of the Treasury to maintain such parity"" — codifying the gold definition of R.S. §3511; $20.67/oz is the derived price; gold reserve fund $150M with borrowing duty if below $100M","Statute text (31 Stat. 45, §1, via historical reproductions); Encyclopedia/legal summaries corroborating",,SOURCED,2026-08-09,2026-08-11,SOURCED
006,"Panic of 1907 → Aldrich-Vreeland Act (May 30 1908) → National Monetary Commission → groundwork for Federal Reserve Act (sourced chain, prior pass). MORGAN SUB-CLAIM NOW SOURCED (A-02 closed without strike): per Fed History essay — Clearing House denied Knickerbocker's aid request as a non-member; the request then went to J.P. Morgan, who refused Knickerbocker on solvency doubts (it suspended after ~$8M withdrawals), then released aid to Trust Company of America alongside Clearing House banks; per NBER (Frydman/Hilt), Morgan ""organized a series of emergency loans to securities dealers and to trust companies""; per the Morgan Library's institutional account, the Nov 2–3 library meeting ended with a signed pledge near 4 a.m.","FRASER NMC materials; Federal Reserve History ""The Panic of 1907""; NBER Frydman/Hilt; Morgan Library & Museum exhibition record",,SOURCED,2026-08-09,2026-08-11,SOURCED (chain + sub-claim)
007,"Federal Reserve Act Dec 23 1913: 12 regional banks; member stock in $100 shares, non-transferable (§5, 38 Stat. 257); 6% cumulative annual dividend (§7, 38 Stat. 258) — held 1913–2015; FAST Act (Pub. L. 114-94, Dec 4 2015, eff. Jan 1 2016) cut dividend for members >$10B assets to lesser of 6% or 10-yr Treasury auction yield; ≤$10B members remain at 6%",12 U.S.C. §289 (uscode.house.gov) with amendment notes; Fed Board final rule Nov 23 2016; American Bankers Ass'n v. US (Fed. Cir. 2019) recitation,,SOURCED,2026-08-09,2026-08-11,SOURCED
008,"BIS: created in context of Young Plan adopted Jan 20 1930 at Hague Conference; convention with Switzerland signed same date (Belgium, France, Germany, Italy, Japan, UK + Switzerland); constituted Feb 27 1930 (Rome instrument); opened Basel May 1930; took over Agent General for Reparations functions (name derives from this role); also tasked with promoting central bank cooperation; reparations role ended via Hoover Moratorium (Jul 1931) and Lausanne cancellation (Jul 1932)","BIS official history, bis.org ""Foundation and crisis (1930-39)""; Princeton IES, ""The Bank for International Settlements 1930–1955""",bis.org,SOURCED,2026-08-09,2026-08-11,SOURCED
009,"EO 6102 signed April 5 1933: delivery of gold coin/bullion/certificates above $100 exemption to Fed by May 1 1933 at $20.67/oz, under Trading with the Enemy Act authority; Gold Reserve Act Jan 30 1934: monetary gold vested in Treasury, price reset to $35/oz",EO 6102 text (Federal Register Apr 5 1933); Gold Reserve Act statute; corroborated across historical records,,SOURCED,2026-08-09,2026-08-11,SOURCED
010,"Gold Clause Cases: Norman v. B&O RR (294 U.S. 240), Nortz v. US (294 U.S. 317), Perry v. US (294 U.S. 330); argued Jan 8–10 1935, decided Feb 18 1935, 5–4 (Hughes majority, McReynolds dissent); upheld Joint Resolution of June 5 1933 abrogating gold clauses in preexisting contracts. Perry nuance: government-bond gold clause held beyond Congress's power to abrogate, but plaintiff shown no damages — obligation affirmed, remedy denied. Recorded scale: suits represented ~$100B in outstanding gold obligations vs ~$4B Treasury gold",US Reports via Library of Congress (usrep294240 facsimile); Justia full texts; Oxford Reference; Encyclopedia of the American Constitution,,SOURCED,2026-08-09,2026-08-11,SOURCED
011,"Banking Act of 1933 (Pub. L. 73-66, 48 Stat. 162, June 16 1933): FDIC created (temporary insurance from Jan 1934); Glass-Steagall separation; FOMC created under §8 — 1933 version without Federal Reserve Board voting rights. Banking Act of 1935: FDIC made permanent; FOMC modern structure (7 governors + NY Fed president + 4 rotating presidents); centralization completed; further amended 1942 to present form","Federal Reserve History essays ""Banking Act of 1933 (Glass-Steagall)"" and ""Banking Act of 1935"" (federalreservehistory.org)",,SOURCED,2026-08-09,2026-08-11,SOURCED
012,"Bretton Woods: United Nations Monetary and Financial Conference, July 1–22 1944, 44 nations, Mount Washington Hotel, Bretton Woods NH; created IMF and IBRD",US State Dept historical office; Library of Congress; FRASER conference proceedings Vol. I,,SOURCED,2026-08-09,2026-08-11,SOURCED
013,"Bretton Woods Final Act recommended ""liquidation of the Bank for International Settlements at the earliest possible moment""; never executed — BIS Board meetings resumed Dec 1946; per the BIS's own history, ""By early 1948, the BIS liquidation resolution had been put aside,"" with the Bank refocusing on European monetary matters. The BIS's own wartime disclosure, recorded: it received 3.7 tonnes of gold via the Reichsbank that postwar investigation showed had been looted from the Belgian and Dutch central banks and remelted to conceal origin; the BIS cooperated with the Allied Tripartite Commission and returned the 3.7 tonnes in 1948","Final Act (CVCE/FRASER); BIS official history ""The BIS during the Second World War (1939–48)"" and ""European monetary cooperation (1947–93)"" (bis.org); Springer scholarly corroboration (resolution revoked 1948)",bis.org,SOURCED,2026-08-09,2026-08-11,SOURCED (both halves)
014,"Eurodollar origins: archival evidence (Bank of England records) dates dollar-deposit innovation in London to MID-1955 (Midland Bank) — earlier than the ""late 1950s"" convention; drivers per Schenk: high UK interest rates, bank self-regulation, forward-exchange access changes; London's advantage = regulatory environment (tight domestic money + freedom in international finance); Regulation Q ceilings a documented US-side factor. DATE REVISED in body: ""late 1950s"" → ""by the mid-1950s."" Soviet-bloc dollar deposits retained as standard-history contributing condition","Schenk, ""The Origins of the Eurodollar Market in London: 1955–1963,"" Explorations in Economic History 35(2), 1998, 221–238",,SOURCED,2026-08-09,2026-08-11,SOURCED
015,"Aug 15 1971: Nixon closes gold window (foreign official convertibility suspended) as part of New Economic Policy, announced after Aug 13–15 Camp David meeting; Smithsonian Agreement Dec 1971 (G10): currencies revalued, official gold price to $38/oz, wider bands; second devaluation Feb 12 1973 to $42/oz; within a month nearly all major currencies floating — Bretton Woods finished by March 1973","Federal Reserve History essays: ""Nixon Ends Convertibility of U.S. Dollars to Gold"" and ""The Smithsonian Agreement"" (federalreservehistory.org); FRUS editorial notes",,SOURCED,2026-08-09,2026-08-11,SOURCED
016,"1974 US-Saudi arrangement per 2016 Bloomberg FOIA reporting (Andrea Wong, May 30 2016): July 1974 Simon mission to Jeddah; framework — US buys oil + provides military aid/equipment, Saudi oil revenue invested in Treasuries; King Faisal required purchases ""strictly secret"" (diplomatic cable, National Archives); Treasury created ""add-on"" purchases bypassing competitive auctions, excluded from official totals; holdings concealed 41 years under ""oil exporters"" grouping; GAO found in 1979 ""no statistical or legal basis"" for the grouping; FOIA disclosure showed $117B Saudi holdings; by 1977 Saudi Arabia held ~20% of foreign-held Treasuries (Spiro, Columbia). Joint Commission on Economic Cooperation established June 1974 (Kissinger–Fahd). GOVERNMENT PRIMARIES ATTACHED (A-14): GAO, ""OPEC Financial Holdings in the United States,"" Jul 16 1979 (gao.gov/products/109886) — names the instrument officially: nonmarketable ""market-based specials"" offered to foreign governments; GAO ID-79-7, ""The U.S.-Saudi Arabian Joint Commission on Economic Cooperation"" (Mar 1979) — the Commission's own GAO review; GAO conclusions per record: ""no statistical or legal basis"" for the reporting blackout, US ""made special commitments of financial confidentiality to Saudi Arabia""; Simon congressional testimony: ""regional reporting was the only way in which Saudi Arabia would agree""; Treasury's legal shield: International Investment and Trade in Services Survey Act of 1976; archival venue: FRUS 1969–76, vol. E-9 pt. 2 (Saudi Arabia chapter — Kissinger Papers/Nat'l Archives memoranda, Jun–Aug 1974). END OF CONCEALMENT: Treasury moved to individual-country reporting in 2016 after 40 years (Truman/PIIE), disclosing $117B (end-Mar 2016) vs press speculation of $750B",Bloomberg May 30 2016 (Andrea Wong); GAO 109886 + ID-79-7; FRUS 1969–76 v. E-9 pt 2; PIIE (Truman) 2016; Spiro,,SOURCED,2026-08-09,2026-08-11,SOURCED (PRIMARY)
017,"**NEGATIVE FINDING, now documented on both sides:** (a) the claim — a formal ""50-year petrodollar agreement"" expiring June 9 2024 — circulated widely June 2024 (social media + secondary outlets, e.g. Eurasia Business News, TipRanks-derived pieces); (b) the record — fact-checks found no such formal agreement exists: PolitiFact (June 20 2024, expert: ""no formal agreement between the U.S. and Saudi governments that Saudi oil was contractually required to be sold in U.S. dollars""), Radio Free Asia AFCL (""claims are false; no known formal deal""), The New Arab (""no evidence that an official pact with a 50-year lifetime exists""). No primary document has been produced. Paper states only the documented 1974 items (row 016)",PolitiFact Jun 20 2024; RFA fact check Jul 2024; The New Arab Jun 13 2024; circulation record per cited outlets,,SOURCED,2026-08-09,2026-08-11,SOURCED (as a documented dispute + absence finding)
018,"Herstatt failure June 26 1974: German regulators closed the bank mid-timezone — counterparties had paid Deutsche Marks in Frankfurt for dollars never delivered in New York (""Herstatt risk""). Basel Committee (initially ""Committee on Banking Regulations and Supervisory Practices"") established end-1974 by G10 central bank governors, headquartered at BIS; first meeting Feb 1975. Basel I Capital Accord 1988; market-risk amendment 1996; Basel II 2004. Non-binding status per BIS's own words: the Committee ""has no supervisory authority, and its conclusions have no legal force"" — standards adopted nationally by choice","BIS, ""History of the Basel Committee"" (bis.org/bcbs/history.htm); BIS BCBS history paper (bcbsc101); Herstatt failure record",bis.org/bcbs/history.htm,SOURCED,2026-08-09,2026-08-11,SOURCED
019,"BIS statistics (locational banking, consolidated banking, OTC derivatives, Triennial Survey) = the systematic measurement of offshore dollar positions. Landmark findings (Borio/McCauley/McGuire, BIS Quarterly Review Sept 2017 & Dec 2022): FX swaps/forwards/currency swaps create dollar obligations missing from standard debt statistics because accounting treats them as derivatives despite functioning as secured loans; non-banks outside the US owe ~$26T in such missing debt — DOUBLE their ~$13T on-balance-sheet dollar debt; non-US banks ~$39T (mid-2022); much very short-term. BIS's own words on the policy structure: swap lines backstopping this debt are ""set in a fog, with little information about the geographic distribution of the missing debt""","BIS Quarterly Review Dec 2022, ""Dollar debt in FX swaps and forwards: huge, missing and growing"" (bis.org r_qt2212h); BIS QR Sept 2017, ""FX swaps and forwards: missing global debt?""",bis.org,SOURCED,2026-08-09,2026-08-11,SOURCED
020,"LIBOR notional scale (""hundreds of trillions""). NOTE: cessation/retirement dates now covered by SOURCED row 035; this row holds only the open scale figure",Needs precise figure + cite (FSB/ARRC),,PENDING,2026-08-09,2026-08-11,UNVERIFIED (scale only)
021,"Federal Reserve Reform Act of 1977 (Pub. L. 95-188, Nov 1977). CORRECTED: statutory mandate is THREE goals — ""maximum employment, stable prices, and moderate long-term interest rates"" — commonly called the ""dual mandate"" because the third is treated as derivative. Act also established semiannual congressional monetary-policy reporting. (Since 2012 the Fed has interpreted ""stable prices"" as 2% PCE inflation per its Longer-Run Goals statement — separate, dated fact)","Statute; Federal Reserve History essay ""Federal Reserve Reform Act of 1977""; CRS R41656 (quoting mandate text); Chicago Fed dual-mandate page",,SOURCED,2026-08-09,2026-08-11,SOURCED
022,"M3 discontinuance, per the notice verbatim (announced Nov 10 2005, effective Mar 23 2006): H.6 ceases the M3 aggregate AND the component series for large-denomination time deposits, RPs, and Eurodollars; institutional MMFs continue as H.6 memo item; large time deposits continue in Z.1 (quarterly) and H.8 (weekly, commercial banks); NO continuing publication named for RP and Eurodollar components; stated reason cites costs of collecting the underlying data; M3 conveyed no info beyond M2. REFEREE ROUND 1 Obj 3: accepted — body amended Aug 10 2026 to these exact dispositions (prior ""left the statistical record"" was overbroad for time deposits, understated for RPs/Eurodollars). Post-2006 the Board published only M1 and M2 (FEDS 2024)","Fed Board H.6 discm3 notice (federalreserve.gov/releases/h6/discm3.htm, verified Aug 10 2026); H.6 release Mar 16 2006; FEDS Note Nov 2024 ""An Update to Measuring the U.S. Monetary Aggregates""",federalreserve.gov/releases/h6/discm3.htm,SOURCED,2026-08-09,2026-08-11,SOURCED (verified against notice text)
023,"2008-era swap lines: established Dec 2007 (ECB initially $20B, SNB $4B alongside TAF); caps raised repeatedly, removed entirely for four central banks Oct 2008; peak Dec 2008 — swaps outstanding >$580B, over 25% of the Fed's total assets; declined to zero by Mar 2010, terminated Feb 2010, reopened May 2010 (eurozone). IOR began Oct 2008 (separate, previously noted). ADDED DATE: temporary lines converted to PERMANENT STANDING arrangements Oct 2013 — the five-bank standing network predates 2020",NY Fed (Fleming & Klagge research); Fed Board FOMC memo Oct 2016; CRS IF11498; Brookings explainer,,SOURCED,2026-08-09,2026-08-11,SOURCED
024,"2020: Mar 19 2020 expansion to nine additional central banks (temporary, $60B/$30B tiers); COVID peak May 2020 ~$470B outstanding, ~80% to ECB and BoJ; FIMA repo added Mar 31 2020 (see 039); pricing spread lowered to encourage use",Fed Board press releases Mar 19/Jul 29/Dec 16 2020; Brookings; CRS IF11498,,SOURCED,2026-08-09,2026-08-11,SOURCED
025,2020: reserve req. to zero; Reg D limit abolished; M1 redefined May 2020 (~4x discontinuity),Fed notices; H.6 revision,,PENDING,2026-08-09,2026-08-11,PENDING
026,"Dollar settlement architecture: Fedwire (Fed-operated RTGS, final and irrevocable, settles in Fed master accounts) and CHIPS (private, The Clearing House, historically netting; dominant in cross-border correspondent flows). Both route through correspondent banks in the US, giving US authorities visibility into transacting parties and the enforcement point for sanctions. SWIFT is messaging only — actual funds move via correspondent relationships, Fedwire, or CHIPS. Enforcement mechanics: OFAC SDN designation obligates US persons (incl. correspondent banks) to block property under IEEPA authority",FFIEC BSA/AML examination manual (funds transfers section); US-China Economic & Security Review Commission analysis; academic record (BFI working paper 2026-49),,SOURCED,2026-08-09,2026-08-11,SOURCED
027,"Feb 2022: G7 + EU + Australia + Switzerland immobilized ~$280–300B of Bank of Russia reserves (CBR confirms ~$300B) — about half its ~$612–643B total. **COMPOSITION CORRECTION (against the popular ""frozen dollars"" framing):** the immobilized assets were predominantly EURO-denominated — ~€191B at Euroclear (Belgium) alone, ~90% of EU-frozen assets at Euroclear; start-2022 CBR held ~$207B in euro assets vs ~$67B in USD; only ~$5B frozen directly by the US Treasury, and ~7% of the Euroclear portfolio is dollars. Frozen ≠ confiscated: legal title remains with CBR. Downstream record: EU windfall-profits mechanism (first transfers Jul 2024); G7 ERA $50B loans (finalized Oct 2024, repaid from asset income); US REPO Act (Apr 2024) authorizes seizure of US-held portion",Bruegel; CRS IN12532/IF12062; Brookings; CFR; Reuters factbox (CBR composition),,SOURCED,2026-08-09,2026-08-11,SOURCED
028,"**DISPUTED — both sides now primary-attached:** overseas share of US physical currency by value. Fed side: Judson (IFDP 1387) ~$1.4T abroad end-2022 (~45% of $100s); Fed public materials ""as much as one-half""; Porter & Judson (1996) 55–70%. Challenge side: Feige — 30–37% abroad vs ""the widely cited figure of 65%"" (Feige 2012, Crime, Law & Social Change / MPRA 34778 & 42169, using Fed/BEA proxy of NY Fed confidential shipment data); Feige (1996) contra Porter-Judson. CORRECTION: our earlier filing of the challenge range as ""25–35%"" adjusted to Feige's published 30–37%. Feige seigniorage estimate available: $287B windfall 1964–2010","Judson, Fed IFDP 1387; Porter & Judson 1996; Feige 2012 (CLSC; MPRA 34778/42169); uscurrency.gov",uscurrency.gov,DISPUTED,2026-08-09,2026-08-11,DISPUTED — report as range; both sides SOURCED
029,"Stablecoin snapshot (mid-2026, tracker variance noted and preserved): aggregate market cap ~$287–315B depending on aggregator and date (StableCoin.com $286.9B Aug 2; CoinGecko $301.7B Jul; DefiLlama/CoinLaw $314.68B Jun 21; BIS wp 1270: ~$270B Mar 2026); USDT ~$183–188B (~60–64%), USDC ~$72–78B; top two ~83–89% combined (share varies by tracker); 100% of 382 tracked coins pegged to USD (DefiLlama); reserve composition per attestations: USDT ~64% Treasuries, USDC ~one-third Treasuries + overnight repo/cash; issuers collectively at top-20-foreign-holder scale in short-term Treasuries (Tether ~17th-country scale per Treasury-derived analyses); Circle Q1 2026 10-Q: USDC $77.0B, on-chain volume $21.5T (+263%). GENIUS implementation record: OCC NPRM (1:1 reserves) + Treasury AML/CFT proposed rule with monthly attestations + CEO/CFO certifications, early 2026",BIS Working Paper 1270 (scholarly anchor); Circle 10-Q; issuer attestations; DefiLlama-derived aggregations; CoinGecko,,SOURCED,2026-08-09,2026-08-11,SOURCED (dated snapshot — refresh per living-document protocol)
030,"Fed CBDC discussion paper: ""Money and Payments: The U.S. Dollar in the Age of Digital Transformation,"" Jan 20 2022. Defines CBDC as ""a digital liability of a central bank that is widely available to the general public""; favors no policy outcome; states the Fed does not intend to proceed without clear support from the executive branch and Congress. No launch; research program continued (policy analysis, tech experimentation, engagement). Anti-CBDC statutory prohibition pending as bundled title of CLARITY (row 032)",Fed Board press release Jan 20 2022 (other20220120a); the discussion paper itself; Bowman speech Apr 2023 (program description),,SOURCED,2026-08-09,2026-08-11,SOURCED
031,"GENIUS Act (S.1582): Senate Jun 17 2025, House Jul 17 2025, signed Jul 18 2025 — first federal payment-stablecoin framework. Provisions: issuance restricted to ""permitted payment stablecoin issuers"" (OCC-approved nonbanks, uninsured national banks, IDI/credit-union subsidiaries, state-qualified issuers); unlawful for anyone else to issue; 1:1 reserve backing held at US financial institutions, segregated, monthly disclosures; yield to holders prohibited; publicly traded nonfinancial companies barred absent unanimous approval of Stablecoin Certification Review Committee (Treasury Secretary chair + Fed Chair/VC-Supervision + FDIC Chair); Bankruptcy Code amended — reserves excluded from issuer's estate, holders get super-priority on shortfall; Act explicitly silent on Fed master-account access and does not alter master-account eligibility; effective earlier of 18 months post-enactment (~Jan 2027) or 120 days after final regs; regs due within 1 year. SOURCE-CONFLICT NOTE: one secondary outlet misattributed oversight to the CFTC; the statutory record assigns bank regulators/OCC — outlet discarded. PRIMARY ATTACHED (Referee R2, Obj 10 / A-15): yield prohibition is §4(a)(11) ""PROHIBITION ON INTEREST"" — ""No permitted payment stablecoin issuer or foreign payment stablecoin issuer shall pay the holder of any payment stablecoin any form of interest or yield (whether in cash, tokens, or other consideration) solely in connection with the holding, use, or retention of such payment stablecoin"" (enacted text via govinfo BILLS-119s1582es; Pub. L. 119-27). Scope note: prohibition is issuer-level; statute silent on affiliates/third parties — actively contested (OCC NPRM would expand; CRS IF13174)","Enacted text S.1582 / Pub. L. 119-27 (govinfo); Treasury ANPRM (Fed. Reg. Sept 19 2025, citing §4(a)(11)); CRS IF13174; law-firm analyses retained as secondary",,SOURCED,2026-08-09,2026-08-11,SOURCED (PRIMARY)
032,"CLARITY Act timeline: House 294–134 Jul 2025; Sen Ag Jan 2026; Sen Banking 15–9 May 2026; merged text Jul 22 2026; cloture on motion to proceed filed Saturday Aug 8 2026 in overnight session — too late for pre-recess vote; procedural vote scheduled 2:15 pm Sept 15 2026 (motion to proceed, 60-vote threshold, not passage); negotiations reported ended (Moreno); prediction markets ~17% for 2026 enactment; Anti-CBDC title bundled",Congress.gov H.R. 3633; CoinDesk Aug 8 2026; Senate schedule releases; news record,,LIVE,2026-08-09,2026-08-11,SOURCED (LIVE — next checkpoint Sept 15 2026)
033,"Sept 16–17 2019 repo spike: intraday repo rates reached as high as 10%; onset Sept 16 = Treasury settlement day coinciding with corporate tax deadline; contributing fundamentals per official research: large Treasury issuance, tax payments, lower reserve level; Fed resumed repo ops, bill purchases from Oct 2019","OFR working paper 23-04 ""Anatomy of the Repo Rate Spikes in September 2019"" (financialresearch.gov); Fed Board FEDS Note, Anbil/Anderson/Senyuz, ""What Happened in Money Markets in September 2019?"" (Feb 2020)",,SOURCED,2026-08-09,2026-08-11,SOURCED
034,"SOFR: broad measure of overnight Treasury-collateralized borrowing cost (tri-party + GCF + FICC DVP cleared bilateral); calculated and published by NY Fed in cooperation with OFR since April 2018; ARRC selected SOFR June 2017; methodology modified Nov 25 2024 (affiliate removal, specials treatment)",NY Fed Reference Rates page (newyorkfed.org/markets/reference-rates); NY Fed operating policy statements Nov 4 2019 & Oct 23 2024; OFR STFM documentation,newyorkfed.org/markets/reference-rates,SOURCED,2026-08-09,2026-08-11,SOURCED
035,"USD LIBOR panel ended June 30 2023 (last remaining LIBOR panel); overnight & 12-month settings permanently ceased; 1-/3-/6-month continued in synthetic form (CME Term SOFR + ISDA spread) until Sept 30 2024; cessation schedule formally confirmed by IBA/FCA March 5 2021. CLAIM REVISED: ""bulk of new floating issuance"" quantifier removed from body — sources establish SOFR as the recommended successor benchmark, not a specific issuance share; body now states the sourced fact only",FCA statements Apr 3 & Jul 3 2023 (fca.org.uk); FSB statement Apr 2023 (Mar 5 2021 IBA/FCA confirmation),,SOURCED,2026-08-09,2026-08-11,SOURCED (as revised)
036,IORB replaced IOER and IORR as single rate effective July 29 2021; final rule amending Regulation D approved June 2 2021; Board-set rate paid on reserve balances,Fed Board press release June 2 2021 (federalreserve.gov/newsevents/pressreleases/bcreg20210602a); Federal Register 2021-19280; FRED/Board series notes,federalreserve.gov/newsevents/pressreleases/bcreg20210602a,SOURCED,2026-08-09,2026-08-11,SOURCED
037,"ON RRP: counterparties include money market funds, GSEs, primary dealers, and banks; rationale per NY Fed — offers institutions ineligible for IORB an alternative risk-free investment, setting a floor below which they need not lend; FOMC sets offering rate; settled vs SOMA Treasuries; Desk conducts operations each business day","NY Fed Liberty Street Economics ""How the Fed's ON RRP Facility Works"" (Jan 2022); NY Fed repo/reverse-repo implementation pages + RRP counterparties page",,SOURCED,2026-08-09,2026-08-11,SOURCED
038,"SRF established by FOMC July 28 2021, effective July 29: daily overnight repo vs Treasury/agency/agency MBS, $500B aggregate limit, min bid initially 25bp, tri-party settled, primary dealers with depository expansion planned","Fed Board press release July 28 2021 (monetary20210728b); NY Fed operating policy July 28 2021  PARAMETER SUPERSEDED (caught Aug 27 2026 via outside essay review): effective Dec 11 2025, aggregate operational limit REMOVED — full allotment format, $40B per-proposition max (NY Fed operating policy Dec 10 2025, primary). The $500B limit describes 2021–2025 only",,SOURCED,2026-08-09,2026-08-27,SOURCED (2021 parameters; Dec 2025 change cross-rowed at 055/058)
039,"FIMA repo: TWO-STAGE BIRTH — temporary facility announced March 31 2020 (COVID response, available Apr 6), extended Jul & Dec 2020, made STANDING July 28 2021; overnight repo vs Treasuries in NY Fed custody, initially 25bp, $60B per counterparty","Fed Board press releases Mar 31 2020, Jul 29 2020, Dec 16 2020, Jul 28 2021",,SOURCED,2026-08-09,2026-08-11,SOURCED
040,EFFR: volume-weighted median of overnight fed funds transactions (FR 2420 data); published by NY Fed ~9am prior-day; volume-weighted-median methodology adopted with FR 2420 transition (announced 2015),NY Fed EFFR page (newyorkfed.org/markets/reference-rates/effr); NY Fed operating policy July 8 2015,newyorkfed.org/markets/reference-rates/effr,SOURCED,2026-08-09,2026-08-11,SOURCED
041,"CLS: began operations September 9, 2002, with 39 settlement members and 7 currencies — the banking industry's response to the G10 central banks' FX settlement-risk strategy; payment-versus-payment mechanism (both legs settle simultaneously or funds returned); CLS Bank International is a New York special-purpose bank regulated by the Federal Reserve as an Edge Act corporation, overseen by the multilateral CLS Oversight Committee coordinated by the NY Fed; settling >$3T/day equivalent by the 2006 G10 survey",Deutsche Bundesbank CLS oversight page; ECB Financial Stability Review 2007 (CPSS survey); Bank of Canada Review 2002,,SOURCED,2026-08-09,2026-08-11,SOURCED
042,"US–Japan coordinated yen intervention + FIMA record (register #1, PARTIALLY GRADUATED): first joint yen-buying in over a decade — Japan MOF began Jul 30, US Treasury joined Fri Jul 31 2026 (second straight day of Japanese ops); both confirmed Aug 3; NY Fed sold EUROS for yen on behalf of Treasury through Goldman Sachs and Morgan Stanley (FT); Reuters notepad photo 11:33 EDT Camp David: ""To Do / Buy Japanese Yen (JPY) $5-10 bil""; Bessent stated rationale: stabilize Asia, curb volatility, ""substantial undervaluation""; assured European officials the euro sale was ""merely a reallocation of reserves""; Trump: ""signal of friendship... we're always there for Japan."" SCALE OF RECORD: MOF-disclosed ¥15.4 trillion (~$100B+) across the July campaign — earlier press estimates ($53–85B) were low; unreliable-aggregator single-day figures excluded (cryptobriefing cite-never per source standards). FIMA LEG (Operator-caught Sept 5): MOF officially announced planned FIMA use in the same Aug 3 statement (CNBC; Mimura flagged it Jul 31); architecture per Nikkei Aug 18 — MOF authorizes, BOJ executes as agent, borrowing dollars against Treasuries in NY Fed custody rather than selling; usage reported with snowballing refinancing-cost dynamic; GS: ~$200B liquid assets ≈ 2–3 more late-July-scale ops; JPM design-gap on record: FIMA ""was not designed to help governments intervene in currency markets."" ARC: pandemic tool (Mar 2020) → standing (Jul 2021) → FX-intervention funding architecture (Aug 2026). ARBITERS, open: Fed H.4.1 weekly FIMA line (shows $0.0B outstanding through Sept 2 per latest pull — architecture established, no outstanding usage in published windows) + MOF monthly disclosure Sept 30 (Aug 27–Sept 28 window). DISCLOSURE RECORD: Treasury has not disclosed US-leg size/rate/value — Warren letter Aug 13, Bessent response Aug 28 left all three undisclosed. Purpose-inference labeled: avoid-forced-Treasury-sales reading = broad published consensus + mechanically true of the FIMA route; officials' stated rationale remains Asia stability; both recorded. Japan's standing Fed swap line NOT used; Treasury advocacy to ""upsize"" FIMA beyond the $60B/counterparty cap on record; aftermath: yen 164→155–157, faded toward 159 mid-Aug, then to ~154 on BOJ hike repricing (Sept 8)",Treasury/MOF statements Aug 3; CNBC Aug 3; Nikkei Asia Aug 18; FT (execution banks); Reuters photo Jul 31; CNBC Aug 28 (Warren exchange); JPM commentary; Fed H.4.1,,LIVE,2026-08-09,2026-09-13,SOURCED (LIVE — graduated to operating architecture; re-verify at each draft)
043,"""Bail-in"" coinage: Calello (head of CS investment bank) & Ervin (former CS chief risk officer), ""From Bail-out to Bail-in,"" The Economist, Jan 28 2010; concept conceived by Ervin ~Sept 2008 (per NY Fed EPR 2014, Sommer, citing Ervin directly); coined as counterpart to ""bail-out""; framing: third option between ""taxpayer bail-outs (bad) and systemic financial collapse (probably worse)""; mechanism: forced conversion of bondholder debt to equity","The Economist Jan 28 2010; NY Fed Economic Policy Review Dec 2014 (Sommer, ""Why Bail-In? And How!"")",,SOURCED,2026-08-09,2026-08-11,SOURCED
044,"Dodd-Frank Title II OLA (Pub. L. 111-203, Jul 2010): FDIC receiver of ""covered financial company"" posing significant risk to US financial stability; bankruptcy primary/Title II fallback; statutory prohibition on taxpayer bailouts; FDIC implementing rules 2011 (interim Jan, final Jul, eff. Aug 15 2011)",Statute; Federal Register FDIC rules 2011-1379 & 2011-17397; FDIC Legal Division framework overview,,SOURCED,2026-08-09,2026-08-11,SOURCED
045,"FSB Key Attributes: adopted at FSB Plenary October 2011; endorsed by G20 Heads of State at Cannes Summit, Nov 3–4 2011, as ""a new international standard for resolution regimes"" (Communiqué §13); additional guidance adopted Oct 15 2014; revised again 2024 (twelve Key Attributes text unchanged since Oct 2011)","FSB Key Attributes document (fsb.org, P250424-3) quoting Cannes Communiqué §13; FSB ""Resilience through resolvability""; FSB assessment methodologies",fsb.org,SOURCED,2026-08-09,2026-08-11,SOURCED (PRIMARY)
046,"FSB TLAC: consultative document Nov 2014 (with BCBS); final ""TLAC Principles and Term Sheet"" published November 2015 (impact-assessment overview report dated Nov 9 2015; endorsed by G20 Leaders Nov 2015); requires G-SIBs to hold pre-funded loss-absorbing capacity so resolution proceeds ""without exposing taxpayers to loss"" (FSB's own framing); insured deposits excluded from bail-in and from TLAC",FSB TLAC Principles and Term Sheet page (fsb.org/2015/11); FSB G20 Implementation Monitoring Review (P131025-2) fn 31; RBA Bulletin Dec 2015,fsb.org/2015/11,SOURCED,2026-08-09,2026-08-11,SOURCED (PRIMARY)
047,"Cyprus 2013, primary-anchored: Eurogroup Statement Mar 25 2013 (consilium.europa.eu, ecofin/136487) — up to €10B assistance; deposits below €100,000 safeguarded ""in accordance with EU principles""; Laiki resolved, Bank of Cyprus restructured via full bail-in of shareholders and bondholders and partial bail-in of uninsured deposits (final BoC conversion 47.5% of uninsured per ESM/Yale JFC record); troika conditioned assistance on rescuing the two banks without official funds. PRIOR STAGE recorded: Mar 16 2013 proposal taxed INSURED deposits 6.75% (uninsured 9.9%); Cypriot Parliament rejected it 36–0 on Mar 19 — first bailout rejection in eurozone history; revised deal spared the insured tier",Eurogroup Statement 25 Mar 2013 (PDF); ESM Cyprus FAQ (Sept 2013); Yale Journal of Financial Crises case study,,SOURCED,2026-08-09,2026-08-11,SOURCED (PRIMARY)
048,"Credit Suisse AT1, primary-anchored: FINMA order Mar 19 2023 instructed write-off of AT1 nominal ~CHF 16B (Federal Administrative Court release: ~CHF 16.5B); basis per FINMA Mar 23 2023 statement — contractual ""Viability Event"" triggered by ""extraordinary liquidity assistance loans secured by a federal default guarantee on 19 March 2023,"" under the Federal Council Emergency Ordinance of the same date; equity holders received ~CHF 3–3.25B in UBS shares; ~230 appeals / ~2,500 complainants by May 2023. DEVELOPMENT (surfaced by primary hunt, absent from prior secondary source): Swiss Federal Administrative Court partial decision, published Oct 2025 — the write-off ""lacked legal basis""; FINMA decree REVOKED; remedy not yet resolved in this record. Earlier-filed package figures (SNB CHF 100B + CHF 9B guarantee, ECGI) superseded by primary language: liquidity assistance secured by federal default guarantee; total support figures vary by source (up to CHF 250B cited) — primary language used in body","FINMA releases Mar 19 & Mar 23 2023 (finma.ch); Swiss Federal Administrative Court media release (bvger.ch, Oct 2025); Chambers/Prager Dreifuss appeal record",,SOURCED,2026-08-09,2026-08-11,SOURCED (PRIMARY)
049,"Federal disbursement rail change: FedNow launched Jul 2023 (instant settlement of commercial bank money across Fed master accounts — NOT a digital currency, no new instrument); US Treasury Fiscal Service added FedNow to its Digital Payout Program 2025, enabling instant FEMA disbursements (first instant disaster relief payment Sept 2025); federal mandate ended paper checks for all federal disbursements Sept 30 2025; FedNow transaction limit raised $1M→$10M Nov 2025. Distinction to draw explicitly in body: rail changed, instrument did not — deposits move faster; no CBDC exists (row 030)",Federal Reserve Financial Services (frbservices.org FedNow announcements + disaster-relief spotlight); Treasury Digital Payout Program; PYMNTS/Fiserv corroboration,,SOURCED,2026-08-09,2026-08-11,SOURCED
050,"Mar 17 2026: SEC and CFTC issue joint interpretive release ""Application of the Federal Securities Laws to Certain Types of Crypto Assets and Certain Transactions Involving Crypto Assets"" — Release Nos. 33-11412 / 34-105020 (PRIMARY IDENTIFIED per Referee R2 / A-09, via SEC EDGAR registrant filings citing the release). Five-category taxonomy — CORRECTED per primaries: digital commodities, digital collectibles, digital TOOLS (not ""utilities"" as first filed), stablecoins, digital securities. COUNT PINNED: sixteen named tokens per the stated criterion (tokens underlying futures contracts available to trade on a designated contract market — Jenner body text); the ""18"" appears in one summary bullet, likely a different counting; controlling source = the release text. Binding on both agencies unlike staff guidance; effective immediately, comment process open; reversible absent legislation; codification awaits CLARITY (row 032)","Release Nos. 33-11412/34-105020 (cited in iShares/Hashdex/Canary SEC filings); Jenner, Ballard Spahr, Sullivan & Cromwell, Weaver analyses Mar 2026",,SOURCED,2026-08-10,2026-08-11,SOURCED (PRIMARY identified; direct release text pull at finalization)
051,"McFadden Act, signed Feb 25 1927 (Coolidge): rechartered the twelve Reserve Banks IN PERPETUITY, seven years before the original twenty-year charters would have expired in 1934 — a limit that per Fed History ""mirrored the twenty-year charters given to the First and Second Banks of the United States,"" both of which Congress had declined to renew; Fed History's own counterfactual note: had Congress waited, the renewal debate would have occurred during the Great Depression. Fed Board FAQ confirms: no expiration date exists","Federal Reserve History, ""McFadden Act of 1927""; Fed Board FAQ ""Is the Federal Reserve Act going to expire?""; FDIC historical timeline",,SOURCED,2026-08-10,2026-08-11,SOURCED
052,"ESF: created §10 Gold Reserve Act, Jan 30 1934 (48 Stat. 337, 341; now 31 U.S.C. §5302); $2B from gold-revaluation profit; ""exclusive control of the Secretary,"" subject to Presidential approval; per Fed History, authority to buy/sell gold, foreign currencies, securities ""without the assistance (or approval) of the Federal Reserve,"" executed through NY Fed as fiscal agent; 1945 Bretton Woods Agreements Act (Pub. L. 79-171, ch. 339, 59 Stat. 512, Jul 31 1945; §7, codified 22 U.S.C. §286e) used $1.8B of its $2B for the US IMF subscription + permanent authority — CORRECTION: earlier CRS snippet's ""P.L. 79-191"" was a transcription error; FRASER + Cornell TOPN confirm 79-171 (Referee R2 Obj 9 satisfied; referee's citation verified correct); regularly intervened 1930s–late 1960s; Mexico 1995 $12–20B without congressional authorization (Congress responded with after-the-fact reporting requirements); 2008 money-market guarantee program; Argentina 2025 $20B agreement — $2.5B drawn Oct 2025, repaid Dec 2025, active per Feb 2026 ESF report; Aug 2026 euro sales = ESF operating (register entry so amended); oversight limited to after-the-fact reporting","Fed History ""Gold Reserve Act of 1934""; CRS IF13200 (Apr 2026) + RL30125; DOJ OLC opinion Mar 2 1995; Treasury ESF page; Schwartz, ""From Obscurity to Notoriety,"" JMCB 1997 (via FRASER)",,SOURCED,2026-08-10,2026-08-11,SOURCED
053,"SDR: created 1969 by IMF as supplementary international reserve asset (Bretton Woods fixed-rate context); neither currency nor legal tender — a potential claim on freely usable currencies; allocated by quota; valued on five-currency basket (USD, EUR, CNY, JPY, GBP); allocations: SDR 9.3B 1970–72; SDR 21.5B special (2009, Fourth Amendment); SDR 456.5B ≈ $650B approved Aug 2 2021, effective Aug 23 2021 — largest ever, ~$275B to EM/developing; cumulative SDR 660.7B ≈ $943B (IMF ledger, Feb 2026)",IMF SDR topic page + FAQ + PR 21/235; IMF allocations/holdings ledger (extsdr1),,SOURCED,2026-08-10,2026-08-11,SOURCED
054,"CHIPS: launched April 6 1970 by NY Clearing House Association (est. 1853), initially 8 banks, created amid rising international dollar payment volumes; Fed agreed Oct 1981 to provide same-day settlement through Fedwire (private netting closing into central bank money); intraday finality 2001; designated systemically important FMU under Dodd-Frank Title VIII (2012), NY Fed operational supervision; today ~$1.8–1.9T/day, ~95% of international dollar payments, ~42–50 direct participants",Modern Treasury CHIPS history; Sage Encyclopedia; Dallas Fed wp 8910 (1989); FMU designation record,,SOURCED,2026-08-10,2026-08-11,SOURCED
055,"Transmission-layer parameter change: balance-sheet reduction (QT) concluded December 1, 2025 (announced late Oct 2025); Fed announced reserve management purchases (RMPs) December 10, began December 12 — $40B/month of Treasury BILLS to maintain ample reserves, plus MBS paydowns reinvested into Treasuries (MBS holdings decline, Treasury portfolio grows); December meeting also cut funds target to 3.50–3.75%; SAME WEEK: SRF aggregate limit removed effective Dec 11 2025 — full allotment, $40B/proposition (NY Fed operating policy, primary) — the ceiling made unlimited in the same package as QT's end and RMPs' start. Preceding conditions per TBAC: Q4 2025 upward pressure on short rates, SRF usage rising, repo rates at times above the target range top — the drained-buffer configuration (Q-11 mechanism note) resolving via standing purchases rather than emergency ones. FRAMING DISPUTE recorded, not resolved: Fed labels RMPs operational reserve maintenance, distinct from QE (quantity target vs yield target, bills vs long bonds); outside characterization: ""effectively revived QE policy, if not adopting that exact terminology."" Balance sheet at QT end: ~$6.5T, roughly half the pandemic growth reversed","Fed Board FEDS Note Jan 14 2026 (""Central Bank Balance-Sheet Trilemma""); TBAC letter to the Secretary Feb 3 2026; CRS IF12147; Brookings QT explainer (Oct 2025 announcement); FOMC Dec 2025 minutes",,SOURCED,2026-08-19,2026-08-27,SOURCED
056,"Settlement-layer enforcement, Iran 2024–2026 (register entry): FinCEN FTA, Oct 23 2025 — ~$9B of potential Iranian shadow banking activity through US correspondent accounts in 2024, per BSA filings (AMLA §6206 mechanism: the gate sees because banks must file); components per release: foreign shells ~$5B (largest role), Iran-linked oil companies primarily UAE/Singapore-based ~$4B, tech procurement ~$413M; networks prominent in UAE, Hong Kong, Singapore; supplements Jun 6 2025 FinCEN advisory + concurrent OFAC designations. Escalation: Apr 2026 Treasury warning letters to Middle East/East Asia banks — secondary sanctions threatened for continued Iran-linked flows. QUARANTINED sub-claim: ""62% of funds to UAE firms, mostly Dubai"" — attributed to Treasury by press excerpt; not on release page; confirm from FTA PDF (fincen.gov/system/files/2025-10/FTA-Iranian-Shadow-Banking.pdf) before body use. Recorded observation, flat: the sanctioned party routed through the enforcement gate, not around it; detection ran via the gate's own mandatory reporting; publication lag 2024 flows → Oct 2025 analysis → Apr 2026 escalation","FinCEN release Oct 23 2025 (fetched, primary); FinCEN FTA PDF; Iran International Apr 14 2026; Ballard Spahr analysis",,LIVE,2026-08-20,2026-08-20,SOURCED (LIVE — enforcement wave ongoing; 62% sub-claim quarantined)
057,"Operation Economic Outcast, announced Aug 24 2026 (Treasury sb0613, primary): ""unprecedented, whole-of-government economic campaign"" against Iran and enablers; FIVE sectoral determinations under E.O. 13902 — digital assets, technology, gold, aviation, shipping; OFAC guidance on Hormuz shipping-demand risks; MODAFL network 20+ entities (ME/East Asia); networks span UAE, Hong Kong, China, Singapore, Switzerland, Europe. Bessent on record: entities facilitating Iranian laundering ""will be removed from the U.S. dollar system. The clock just started ticking""; secondary sanctions staged behind a CURE PERIOD — ""Why would I want to blow up the global financial system?""; stated theory: ""total financial isolation"" could make US force unnecessary (WaPo). EXECUTION (Aug 24–28): Bank Melli — Iran's largest state bank — named for MANDATORY SHUTDOWN, ""shuttered and dark"" (beyond-SDN escalation); 60+ entities/vessels designated; several general licenses suspended (""zero-leakage""); guidance targets any entity paying Hormuz transit tolls to the IRGC-backed Persian Gulf Strait Authority. MECHANISM SHIFT: digital-asset sectoral determination INVERTS the sequence — exposure attaches to activity, not to a listed name; risk precedes designation. PRIVATE-ISSUER ENFORCEMENT: Tether froze ~$475M cumulative USDT at OFAC-identified Central Bank of Iran addresses — the Ch 11 claim-form operating as a Ch 10 instrument. Context: 875+ persons/vessels/aircraft sanctioned in 2025; fourth nonproliferation round since the Sept 27 2025 UN snapback",Treasury sb0613 + sb0405 (primary); CBS/NPR/WaPo Aug 24–25; TechTimes/CryptoTimes (Tether record),,LIVE,2026-08-25,2026-09-13,"SOURCED (LIVE — watches: FOREIGN financial-institution designation under the cure period, Chinese state banks unaddressed; GL-suspension effects; PGSA toll SETTLEMENT CURRENCY — unestablished in any sourcing, if non-USD a Ch 10/11 observation; payment rails/currency for discounted Iranian-Russian barrels into China's +95mb strategic build (EIA est.; China does not report); Iran–China barter line — single agency line, unverified lead only)"
058,"SRF/disclosure record (from outside essay, reviewed Aug 27 2026 — verified spine + flagged computations): VERIFIED — Dec 31 2025 record take-up $74.6B ($31.5B Treasuries + $43.1B MBS), prior peak $50.35B Oct 31 (Reuters, contemporaneous: ""highly unlikely to signal market trouble,"" dwarfed by ~$1.3T/day tri-party); ""broken/leaky ceiling"" commentary real (SOFR/TGCR breached range at consecutive month-ends per EconReporter); NY Fed's own ""technical exercises"" language confirms test-operation practice (Dec 2024 statement). AUTHOR'S COMPUTATIONS, plausible, replicable, NOT yet verified by us — hold at essay-attribution until reproduced: 885 transactions/≥843 tests in the Dodd-Frank SRF transaction files with no purpose field; 17 SOFR>op-rate dates Jan 2025–Aug 2026 with positive take-up on all; EFFR in range 415/415; SFOS Mar 2025 disclosure score −2.4 (most discouraging factor for banks; dealers rank netting higher); Oct 2016 staff memo filing two-year disclosure under ""Advantages""; Armantier/Ghysels/Sarkar/Shrader JFE 2015 (stigma literature — real citation). STRUCTURAL FINDINGS recorded flat: statutory disclosure schema carries identity machine-readable but purpose nowhere (14 fields, no test flag/purpose code) — the transparency regime records who/when/how-much, never why; stigma as firm-specific activation price, not one number",Reuters Dec 31 2025; NY Fed operating policies Dec 19 2024 + Dec 10 2025; EconReporter; the essay (author's joins pending reproduction),,SOURCED,2026-08-27,2026-08-27,SOURCED (spine) / ESSAY-ATTRIBUTED (computations) — WATCH: Sept 30 2026 statutory release (schema change?); Dec 31 2027 (names behind the $74.6B)
059,"Warsh, Jackson Hole, Aug 28 2026 (""In Our Time,"" 100th day as Chairman; primary PDF in hand): STATED PRACTICE CHANGES — (a) forward guidance retired as regular practice in normal times (""overstayed its welcome""; ""a quieter Fed""); explicit refusal of a substitute reaction function (""our knowledge just doesn't extend that far""); hall-of-mirrors literature cited (Bernanke 2004, Stein/Sunderam 2018, Morris/Shin 2002); information flow reversed — Fed to read ""unfiltered"" market internals; (b) Principle 6, ""money matters"" — attention to money created by the central bank AND by the banking/financial systems (flat juxtaposition on record: the aggregate containing repo/Eurodollar components left the H.6 in 2006, row 022). ASSESSMENT AS STATED: PCE 3.7% 12-mo / 4.1% 6-mo; ""65 months of sustained, elevated inflation"" with responsibility ""squarely with the central bank""; 54% of PCE components >3% (32% pre-pandemic norm); unemployment 4.1%, ""consistent with full employment""; capex +9% with >half ascribed to AI buildout; token sales two leading labs >$100B annualized, +500%; ""hard pressed to describe broad financial conditions as restrictive""; ""committed to a discipline, not to a decision."" TENSIONS recorded without resolution: Principle 5 (unconventional tools ""sparingly, if at all"") beside $40B/mo RMPs (row 055, both framings already recorded); 3.7–4.1% inflation beside a 3.50–3.75% inherited target","Speech PDF (federalreserve.gov, Aug 28 2026, primary); FOMC July minutes cross-ref",federalreserve.gov,LIVE,2026-08-28,2026-08-28,"SOURCED (LIVE — watch: next FOMC statement language for guidance removal; SEP treatment; any H.6/aggregates expansion under ""money matters"")"
060,"NBIM proposal (letter to Finance Ministry dated Sept 1 2026, published Sept 4; primary at nbim.no): government subindex of GPFG bond index 70%→50%; US Treasuries 34.1%→21.9% of index (~$80B off ~$215B holdings per Reuters); US non-government fixed income 16.2%→27.6% (corporates + MBS); euro area 16.8%→14.1%; Japan UP 4.6%→7.4%; weighting methodology GDP→market value — stated rationale verbatim: ""high government debt is now a general feature of developed economies rather than a distinctive feature of a few countries""; overall USD weighting nearly unchanged 52.9%→52.5% — a claim-form shift within the dollar, not a currency exit; pending Finance Ministry approval (parliament for major mandate changes), gradual, ~2027 earliest. Separate same-day letter: equity concentration/geopolitical risk + unlisted assets. Cross-refs: III-1 (reallocation as the unrepresented holder's instrument, exercised in writing with reasons); Changed Form R-01 rhyme (pension capital swapping sovereign claims for private credit/MBS)",NBIM letter (primary); CNBC/BNN/Reuters-derived Sept 4 2026,,LIVE,2026-09-04,2026-09-04,SOURCED (LIVE — graduates on Ministry approval; again on implementation)
061,"STANDING WATCH — sovereign Treasury-holder base (opened Sept 4 2026 at Operator direction, ""recommendation of following this""): VERIFIED legs — US-Japan Jul 31 intervention mechanics (row 042); NBIM $80B proposal (row 060); long-end context per dated snapshot Sept 4: 10Y 4.761%, 30Y 5.229%, 2s10s +31bp steepening, gold ~$4,484, WTI $90.95, USD/JPY 156.07. QUARANTINED pending sources: Japan MOF intervention funding figures (""$54.7B May / $66.7B"") — confirm from MOF monthly disclosures; ""Q1 ~$29.6B Japanese repatriation from US government-linked debt"" — source needed; El-Erian ""reliable buyers under pressure"" quote — locate primary post. INFERENCE UPGRADED (Sept 5): the avoid-Treasury-sales purpose is now broad published consensus (Wolf Street/Axios/JPM/fofahk) AND mechanically true of the FIMA route by construction; still no official statement of that purpose — officials state Asia stability; both recorded, labeled. Scale partially resolved: $59B single-day reported (Jul 30); wider ranges stay quarantined. Warren-thread verification CLOSED (Sept 8): the referenced intervention = Treasury's Aug 19–20 expanded long-end buybacks, erased by the market within one session — now row 066. FIRST GAUGE READING (Sept 9–10, logged Sept 12): 10Y auction Sept 9 STRONG — high yield 4.834%, bid-to-cover 2.71 (vs 2.49 12-mo avg, +0.18 vs prior), indirect bidders 79.2% (vs ~71% avg) — demand in force at the level; OVERRIDDEN within 18 hours by tanker-strike escalation (US struck five IRGC-linked tankers after attempted attacks on a US warship; Brent first $100+ settle since July, to ~105; WTI >$100): Sept 10 — 10Y 4.92 (9bp above the auction stop), 30Y 5.349 NEW 19-YEAR HIGH, metals liquidation (silver −5.5%, gold −1.7%, copper −4.8% — deleveraging signature). Reading, flat: demand exists in size at each level; stability of the clearing price is the variable — the marginal repricing force was the war chokepoint, not the bid book. Gauges continuing: TIC monthly, MOF monthly disclosures, auction tails/indirects/bid-to-cover, 30Y level, NBIM approval milestones",Rows 042/060; screenshots (dated market state); MOF/TIC standing releases,,LIVE,2026-09-04,2026-09-12,LIVE — standing watch
062,"SCO parallel-stack record (context row for II-5/III-2; Bishkek Summit Aug 31–Sept 1 2026, reviewed Sept 5): DECLARATORY — Bishkek Declaration supports national-currency trade, alternative payment systems, and continued ""discussions"" on an SCO Development Bank (first proposed by Beijing 2010; ""in principle"" at Tianjin 2025; Kazakhstan offers Astana HQ; Iran proposes joint payment mechanisms; Putin backs ""independent"" structure + joint SCO bonds and common depository per Tianjin record); analyst record states plainly the documents establish no operational system — significance is agreement to pursue, not existence; 2026–27 Pakistani presidency tasked with conversion to institutions. ATTRIBUTED-CLAIM, graded: Putin via state media — national currencies >98% of Russia-SCO settlements (up from ~92% claimed earlier), Russia-SCO trade >$400B — interested-party statistics, directionally consistent with documented CIPS/RMB-settlement growth, not independently verified. EXECUTED (Tianjin 2025, not Bishkek): Xi pledge of ¥10B additional SCO Interbank Consortium loans 2026–29. FLAT OBSERVATIONS: stated strategy per analyst record = enclosed RMB networks beside the gate, not a run at it — an attempt to assemble issuance/supervision/settlement unity within one bloc (III-2's finding, inverted); Bishkek Declaration itself warns of Hormuz chokepoint disruption — same strait as OFAC's row-057 toll guidance, cited by both blocs in the same month","Bishkek Declaration record (SpecialEurasia/InsightsIndia Sept 2–3 2026); Tianjin 2025 record (networkideas, chinabankingnews); SCO IBC record",,SOURCED,2026-09-05,2026-09-05,SOURCED (context) — WATCH: SCO Development Bank CHARTER + capitalization under Pakistani presidency = the structural change that would earn a register entry
063,"Saudi borrowing turn — REWRITTEN Sept 10 after oil-desk contamination alert (a ""$6–8B five-year expandable syndicated loan"" wire proved to be a verbatim March 2016 Reuters story recycled by an aggregator; the tenor/range/expandable details and the ""2016 identical-structure echo"" in this row's first filing derived from that wire and are STRUCK — the echo was an artifact of the recycled story itself). CLEAN RECORD: Bloomberg Aug 31 2026 (multi-carried: Argaam, caliber.az, news24) — NDMC in preliminary talks with banks for a new loan of at least $8B (SAR 30B); Aramco in parallel similar talks; both early-stage, may not proceed; tenor and structure UNREPORTED in clean sourcing. Context, clean: NDMC announced in May it had completed the 2026 annual borrowing program (~90% of needs; remainder via private placements/domestic); late-2025: $13B seven-year syndicated loan for power/water/utilities (MOF.gov.sa PRIMARY — attached); 2026 needs ~$58B (~$44B deficit + ~$14B repayments); 2026 raised to date: ~$6B sovereign bonds + Aramco $4B (Jan); Fitch: $33B 2025 foreign funding, ~3x 2024 (via oil desk, held). Inversion observation RETAINED on clean facts (1974 surpluses into Treasuries, row 016, vs 2026 war-strained sovereign seeking bank loans — direction, not structure-echo); dollar-debt-deepening precision retained. Correction logged openly per method","Bloomberg Aug 31 2026 via Argaam/caliber; MOF.gov.sa ($13B loan release, primary); Fitch (via oil-desk brief); CONTAMINATED SOURCE STRUCK: cryptobriefing-recycled 2016 Reuters wire",,LIVE,2026-09-05,2026-09-10,SOURCED (LIVE — corrected; watches: talks→mandate→execution with terms from clean wires only; Aramco raise; 2027 borrowing plan)
064,"Employment-data vintage record (context row for II-8/II-9, opened Sept 5 2026): BLS benchmark revisions three consecutive years downward — ~818K cut (2024 benchmark), ~911K cut (2025 benchmark, largest on record, roughly halving the year's reported gains), 79K preliminary (Aug 28 2026, for 12 mos through Mar 2026 — revised span total +132K, ~11K/mo); the 2025 correction alone ≈ 7x the following year's entire revised job growth. Documented structural causes: birth-death model over-imputation at cycle turns; QCEW tax-record truth arriving ~1 yr late; survey response rates fallen from ~60% toward the 40s. Long-series context: postwar expansion years added 1.5–4M jobs/yr; a positive-but-~150K year (2025 reported pace ~15K/mo) has no non-recession precedent since 1950. Latest print for vintage discipline: Aug 2026 +162K (first draft, Sept 4 release; prior 12-mo avg 31K/mo per BLS release itself). RECORDED FLAT beside row 059: Warsh Principle 1 (Aug 28) — policy not set on ""stale or inaccurate data,"" trends over isolated points — stated by the Chairman whose employment input carries this revision record. One-directional bias noted as documented fact (three downward benchmarks); no motive attributed. Paper convention reaffirmed: all payroll figures body-used carry print vintage + revision status",BLS benchmark revision records 2024–26; BLS Employment Situation Aug 2026; long series (BLS CES),,SOURCED,2026-09-05,2026-09-05,"SOURCED (context — gauges: 2027 benchmark, response-rate trend, first-print vs final spreads)"
065,"The peg and the Accord (1942–1951; opened Sept 8 2026 from Operator question ""can't the Fed buy bonds to drive yield down?""): April 1942 (formally committed Apr 29, at the Treasury's request) — Fed pegs T-bills at 3/8 percent and caps long-term Treasury bonds at 2.5 percent, rates set slightly above Nov 1941 levels, to finance WWII; per Fed History's own words, the Fed ""was forced to give up control of the size of its portfolio as well as the money stock"" and (Cleveland Fed) ""effectively abdicated its responsibility for monetary policy""; enforcement = buying whatever volume the caps required. Ended by the Treasury–Federal Reserve Accord, March 1951 — negotiated with the long bond at 2.47%, inflation running above 8% (Korean War), Truman pressing to maintain the peg; Accord text: ""full accord with respect to debt management and monetary policies""; Martin negotiated it for Treasury, then became Fed Chairman; the watershed establishing that the Fed sets policy on macroeconomic conditions, not the Treasury's borrowing needs. META-SOURCE: FOMC staff memo, June 2003 — the Fed internally re-examined the 1942–51 episode as ""the most famous precedent"" for capping longer-term yields, i.e., the option remains a studied instrument, not a dead letter. Cross-refs: II-9 (the valuation layer once set the entire curve, by agreement, for nine years); row 061 (the standing precedent behind any fiscal-dominance scenario the holder-base watch monitors)","Federal Reserve History ""The Treasury-Fed Accord"" + ""From the Accord to the Mid-1960s""; FRASER Accord timeline (Apr 29 1942, Oct 30 1950 FOMC letter, Mar 1951); FOMC staff memo Jun 18 2003 (federalreserve.gov); Chicago Fed EP 2021; Cleveland Fed EC 2016; Brookings (Wessel)",federalreserve.gov,SOURCED,2026-09-08,2026-09-08,SOURCED
066,"Treasury debt-market intervention, Aug 19–20 2026 (resolves row 061's open Warren-thread verification; logged Sept 8): Aug 19 — Treasury conducts an ""unusual intervention in the debt market"": surprise expanded BUYBACKS of 10-through-30-year Treasuries (~$4B announced; mid-August plans per MarketWatch ""surprised markets... bigger buybacks of 10-year through 30-year Treasurys""); Aug 20 — yields jump, ERASING the intervention's declines within one session (10Y back to 4.70–4.71, 30Y 5.25–5.267); expert characterization on record: ""rearranging deckchairs on the Titanic""; Bessent same day on CNBC, mid-selloff: ""it could be more than the $4 billion... we have a big tool kit"" to lower rates, ""Part of it is signaling""; Trump asked whether Americans should be concerned about the bond market: ""No, I don't think so."" Warren's Aug 28 reference decoded: ""his failed intervention in Treasury markets... blasted by his mentor as burning 'two centuries' of credibility."" RECORDED FLAT beside rows 065 + 059: 1942–51 = the FED capped long yields for the Treasury's financing, ended by the Accord (policy on macro conditions, not the Treasury's bill); Aug 2026 = the TREASURY attempts long-end yield management with its own buybacks — the fiscal side probing the Accord boundary from its own side, with the Fed declining the assist (Principle 5, twelve days later); market erased it in one session — $4B against a price-sensitive-buyer regime. Distinction preserved: routine liquidity buybacks (program since 2024) vs THIS — explicitly framed as rate-lowering, ""signaling""",NBC News Aug 20 2026; MarketWatch/Yahoo Sept 1; CNBC Aug 28 (Warren); Treasury buyback announcements (primary to attach at finalization),,LIVE,2026-09-08,2026-09-08,SOURCED (LIVE — watch: further/larger buybacks per Bessent tease; any Fed participation; auction results against this backdrop)
